id,title_bg,title_original,source_language,provider,resource_type,event_start,event_end,event_timezone,application_open,application_close,registration_open,registration_close,availability_open,availability_close,primary_status_bg,primary_status_code,official_url,verified_on,translation_status_bg,source_collection_url,delivery,topics,next_action_at
ahmedabad-workshop-organizers-listed-by-ebmg-hands-on-workshop-on-bioinformatics,,Hands-on Workshop on Bioinformatics Analysis of Germline Short- and Long-Read Sequencing Datasets,en,Ahmedabad workshop organizers (listed by EBMG),workshop,2026-04-13,,Europe/Sofia,,,,,,,Минало събитие,past-event,https://www.ebmg.eu/669.0.html,2026-08-24,missing,https://www.ebmg.eu/669.0.html,in-person,,
american-society-of-human-genetics-ashg-navigating-data-sharing-in-research,,Navigating Data Sharing in Research,en,American Society of Human Genetics (ASHG),webinar,2026-09-09,,Europe/Sofia,,,,,,,Предстоящо събитие,upcoming-event,https://learning.ashg.org/catalog?page=62&widget_products_id=23109,2026-08-24,missing,https://learning.ashg.org/catalog?page=62&widget_products_id=23109,online,,2026-09-08T21:00:00.000Z
bbmri-eric-bbmri-eric-webinars-archive,,BBMRI-ERIC webinars archive,en,BBMRI-ERIC,webinar,,,,,,,,,,Датата не е потвърдена,date-status-unknown,https://www.bbmri-eric.eu/webinars-archive/,2026-08-24,missing,https://www.bbmri-eric.eu/webinars-archive/,online,,
bbmri-eric-bbmri-qm-academy-e-learning,,BBMRI.QM Academy e-learning,en,BBMRI-ERIC,other,,,,,,,,,,Датата не е потвърдена,date-status-unknown,https://www.bbmri-eric.eu/services/e-learning/,2026-08-24,missing,https://www.bbmri-eric.eu/services/e-learning/,online,,
bbmri-eric-bbmri-qm-newsroom-consultation-hours,,BBMRI.QM Newsroom / Consultation Hours,en,BBMRI-ERIC,webinar,,,,,,,,,,Датата не е потвърдена,date-status-unknown,https://www.bbmri-eric.eu/services/bbmriqm-consultation-hours/,2026-08-24,missing,https://www.bbmri-eric.eu/services/bbmriqm-consultation-hours/,online,,
bbmri-eric-biobanking-in-times-of-covid-19,,Biobanking in Times of COVID-19,en,BBMRI-ERIC,other,,,,,,,,,,Датата не е потвърдена,date-status-unknown,https://www.bbmri-eric.eu/services/e-learning/,2026-08-24,missing,https://www.bbmri-eric.eu/services/e-learning/,unknown,,
bbmri-eric-how-to-build-a-biobank-learning-by-doing,,How to Build a Biobank — Learning by Doing,en,BBMRI-ERIC,workshop,,,,,,,,,,Датата не е потвърдена,date-status-unknown,https://www.bbmri-eric.eu/events/how-to-build-a-biobank-learning-by-doing/,2026-08-24,missing,https://www.bbmri-eric.eu/events/how-to-build-a-biobank-learning-by-doing/,in-person,,
bbmri-eric-how-to-operate-a-biobank-advanced,,How to Operate a Biobank — Advanced,en,BBMRI-ERIC,workshop,,,,,,,,,,Датата не е потвърдена,date-status-unknown,https://www.bbmri-eric.eu/events/how-to-operate-a-biobank-advanced/,2026-08-24,missing,https://www.bbmri-eric.eu/events/how-to-operate-a-biobank-advanced/,in-person,,
bbmri-eric-iso-20387-2018-biobanking-standard,,ISO 20387:2018 — Biobanking Standard,en,BBMRI-ERIC,course,,,,,,,,,,Датата не е потвърдена,date-status-unknown,https://www.bbmri-eric.eu/services/bbmriqm-iso-20387-2018/,2026-08-24,missing,https://www.bbmri-eric.eu/services/bbmriqm-iso-20387-2018/,online,,
bbmri-eric-iso-ts-23494-1-2023-provenance-information-model-for-biological-mater,,ISO/TS 23494-1:2023 — Provenance Information Model for Biological Material and Data,en,BBMRI-ERIC,other,,,,,,,,,,Датата не е потвърдена,date-status-unknown,https://www.bbmri-eric.eu/services/e-learning/,2026-08-24,missing,https://www.bbmri-eric.eu/services/e-learning/,unknown,,
bbmri-eric-molecular-ivd-pre-examination-processes,,Molecular IVD Pre-examination Processes,en,BBMRI-ERIC,course,,,,,,,,,,Датата не е потвърдена,date-status-unknown,https://www.bbmri-eric.eu/services/bbmriqm-pre-examination-processes/,2026-08-24,missing,https://www.bbmri-eric.eu/services/bbmriqm-pre-examination-processes/,online,,
bbmri-eric-monitoring-the-preanalytical-phase-in-biobanking-key-variables-and-qc-strategi,,Monitoring the Preanalytical Phase in Biobanking: Key Variables and QC Strategies,en,BBMRI-ERIC,webinar,2026-10-13,,Europe/Sofia,,,,,,,Предстоящо събитие,upcoming-event,https://www.bbmri-eric.eu/events/monitoring-the-preanalytical-phase-in-biobanking-key-variables-and-qc-strategies/,2026-08-24,missing,https://www.bbmri-eric.eu/events/monitoring-the-preanalytical-phase-in-biobanking-key-variables-and-qc-strategies/,online,,2026-10-12T21:00:00.000Z
bbmri-eric-workshop-series-on-biobanking,,Workshop Series on Biobanking,en,BBMRI-ERIC,workshop,,,,,,,,,,Датата не е потвърдена,date-status-unknown,https://www.bbmri-eric.eu/news-events/call-for-applications-workshop-series-on-biobanking/,2026-08-24,missing,https://www.bbmri-eric.eu/news-events/call-for-applications-workshop-series-on-biobanking/,unknown,,
ceub-eshg-course-programme-9th-eye-genetics-course,,9th Eye Genetics Course,en,CEUB / ESHG course programme,course,2026-10-11,,Europe/Sofia,,,,,,,Предстоящо събитие,upcoming-event,https://www.ceub.it/events/event/9th-eye-genetics-course/,2026-08-24,missing,https://www.ceub.it/events/event/9th-eye-genetics-course/,in-person,,2026-10-10T21:00:00.000Z
ceub-eshg-course-programme-tools-for-communication-and-competency-skills-in-gene,,Tools for Communication and Competency Skills in Genetic Counselling,en,CEUB / ESHG course programme,course,2026-11-15,,Europe/Sofia,,,,,,,Предстоящо събитие,upcoming-event,https://www.ceub.it/events/event/tools-for-communication-and-competency-skills-in-genetic-counselling/,2026-08-24,missing,https://www.ceub.it/events/event/tools-for-communication-and-competency-skills-in-genetic-counselling/,in-person,,2026-11-14T22:00:00.000Z
clinical-genome-resource-clingen-clingen-biocurator-educational-materials,,ClinGen Biocurator Educational Materials,en,Clinical Genome Resource (ClinGen),other,,,,,,,,,,Датата не е потвърдена,date-status-unknown,https://www.clinicalgenome.org/tools/educational-resources/materials/,2026-08-24,missing,https://www.clinicalgenome.org/tools/educational-resources/materials/,online,,
clinical-genome-resource-clingen-variant-interpretation-discrepancy-resolution-module,,Variant Interpretation Discrepancy Resolution Module,en,Clinical Genome Resource (ClinGen),course,,,,,,,,,,Датата не е потвърдена,date-status-unknown,https://www.clinicalgenome.org/tools/variant-interpretation-discrepancy-resolution-module/,2026-08-24,missing,https://www.clinicalgenome.org/tools/variant-interpretation-discrepancy-resolution-module/,unknown,,
editscd-ern-eurobloodnet-eatris-regulatory-path-to-the-clinic,,Regulatory Path to the Clinic,en,EDITSCD / ERN-EuroBloodNet / EATRIS,webinar,2026-11-12,,Europe/Sofia,,,,,,,Предстоящо събитие,upcoming-event,https://eurobloodnet.eu/education-2/patients/webinars/editscd-ern-eurobloodnet-focus-on-genetic-therapy-for-people-living-with-scd/editscd-ern-eurobloodnet-focus-on-genetic-therapy-for-people-living-with-scd/7/session-7-regulatory-path-to-the-clinic,2026-08-24,missing,https://eurobloodnet.eu/education-2/patients/webinars/editscd-ern-eurobloodnet-focus-on-genetic-therapy-for-people-living-with-scd/editscd-ern-eurobloodnet-focus-on-genetic-therapy-for-people-living-with-scd/7/session-7-regulatory-path-to-the-clinic,online,,2026-11-11T22:00:00.000Z
editscd-ern-eurobloodnet-future-developments-and-crispr-cas9-for-sickle-cell-disease,,Future Developments and CRISPR/Cas9 for Sickle Cell Disease,en,EDITSCD / ERN-EuroBloodNet,webinar,2026-10-02,,Europe/Sofia,,,,,,,Предстоящо събитие,upcoming-event,https://editscd.eu/category/events/project-meetings/,2026-08-24,missing,https://editscd.eu/category/events/project-meetings/,online,,2026-10-01T21:00:00.000Z
ejp-rd-erdera-via-futurelearn-diagnosing-rare-diseases-from-the-clinic-to-resear,,Diagnosing Rare Diseases: from the Clinic to Research and Back,en,EJP RD / ERDERA via FutureLearn,course,,,,,,,,,,Датата не е потвърдена,date-status-unknown,https://www.futurelearn.com/courses/rare-genetic-disease,2026-08-24,missing,https://erdera.org/erdera-learning-portal/,online,,
ejp-rd-erdera-via-futurelearn-from-lab-to-clinic-translational-research-for-rare,,From Lab to Clinic: Translational Research for Rare Diseases,en,EJP RD / ERDERA via FutureLearn,course,,,,,,,,,,Датата не е потвърдена,date-status-unknown,https://www.futurelearn.com/courses/introduction-to-translational-research-for-rare-diseases,2026-08-24,missing,https://erdera.org/erdera-learning-portal/,online,,
ejp-rd-erdera-via-futurelearn-health-data-ethics-regulatory-frameworks-in-rare-d,,Health Data Ethics & Regulatory Frameworks in Rare Disease Research,en,EJP RD / ERDERA via FutureLearn,course,,,,,,,,,,Датата не е потвърдена,date-status-unknown,https://www.futurelearn.com/courses/health-data-ethics-and-regulatory-frameworks-in-rare-disease-research,2026-08-24,missing,https://erdera.org/erdera-learning-portal/,online,,
ejp-rd-erdera-via-futurelearn-innovative-therapies-and-personalised-medicine-for,,Innovative Therapies and Personalised Medicine for Rare Diseases,en,EJP RD / ERDERA via FutureLearn,course,,,,,,,,,,Датата не е потвърдена,date-status-unknown,https://www.futurelearn.com/courses/innovative-therapies-and-personalised-medicine-for-rare-diseases,2026-08-24,missing,https://erdera.org/erdera-learning-portal/,online,,
embl-ebi-training-data-collection-analysis-and-interpretation-for-genomic-medici,,"Data Collection, Analysis and Interpretation for Genomic Medicine",en,EMBL-EBI Training,workshop,2020-06-23,,Europe/Sofia,,,,,,,Минало събитие,past-event,https://www.ebi.ac.uk/training/events/data-collection-analysis-and-interpretation-genomic-medicine/,2026-08-24,missing,https://www.ebi.ac.uk/training/events/data-collection-analysis-and-interpretation-genomic-medicine/,online,,
embl-ebi-training-methods-in-genomic-variant-calling,,Methods in Genomic Variant Calling,en,EMBL-EBI Training,course,,,,,,,,,,Датата не е потвърдена,date-status-unknown,https://www.ebi.ac.uk/training/online/courses/methods-in-bioinformatics/genomic-variants/methods-in-genomic-variant-calling/,2026-08-24,missing,https://www.ebi.ac.uk/training/online/courses/methods-in-bioinformatics/genomic-variants/methods-in-genomic-variant-calling/,online,,
embl-ebi-training-next-generation-sequencing-bioinformatics,,Next Generation Sequencing Bioinformatics,en,EMBL-EBI Training,workshop,2021-02-15,,Europe/Sofia,,,,,,,Минало събитие,past-event,https://www.ebi.ac.uk/training/events/next-generation-sequencing-bioinformatics-virtual-0/,2026-08-24,missing,https://www.ebi.ac.uk/training/events/next-generation-sequencing-bioinformatics-virtual-0/,online,,
erdera-erdera-data-hub-tutorials-and-onboarding,,ERDERA Data Hub tutorials and onboarding,en,ERDERA,other,,,,,,,,,,Датата не е потвърдена,date-status-unknown,https://erdera.org/data-hub/,2026-08-24,missing,https://erdera.org/data-hub/,online,,
erdera-erdera-fair-data-bring-your-own-data-hackathons,,ERDERA FAIR Data Bring-Your-Own-Data Hackathons,en,ERDERA,workshop,,,,,,,,,,Датата не е потвърдена,date-status-unknown,https://erdera.org/training-and-education/,2026-08-24,missing,https://erdera.org/training-and-education/,unknown,,
erdera-erdera-fair-training-programme-20252027,,ERDERA FAIR Training Programme 2025–2027,en,ERDERA,programme,,,,,,,,,,Следваща дата предстои да бъде обявена,next-date-tba,https://erdera.org/news/fair-training-program-2025-2027-part-1-opens-registration/,2026-08-24,missing,https://erdera.org/news/fair-training-program-2025-2027-part-1-opens-registration/,online; in-person,,
erdera-learning-portal-2nd-erdera-training-for-young-advocates-for-rare-diseases,,2nd ERDERA Training for Young Advocates for Rare Diseases,en,ERDERA Learning Portal,programme,,,,,,,,,,Следваща дата предстои да бъде обявена,next-date-tba,https://erdera.org/course/ypt2026/,2026-08-24,missing,https://erdera.org/erdera-learning-portal/,unknown,,
erdera-learning-portal-bayesian-methods-in-clinical-research,,Bayesian Methods in Clinical Research,en,ERDERA Learning Portal,course,,,,,,,,,,Датата не е потвърдена,date-status-unknown,https://erdera.org/erdera-learning-portal/,2026-08-24,missing,https://erdera.org/erdera-learning-portal/,online; in-person,,
erdera-learning-portal-best-practice-to-enable-use-and-sharing-of-ipscs,,Best Practice to Enable Use and Sharing of iPSCs,en,ERDERA Learning Portal,webinar,2026-03-06,,Europe/Sofia,,,,,,,Минало събитие,past-event,https://erdera.org/course/best-practice-to-enable-use-and-sharing-of-ipscs/,2026-08-24,missing,https://erdera.org/erdera-learning-portal/,online,,
erdera-learning-portal-biomarker-commercialization-toolset,,Biomarker Commercialization Toolset,en,ERDERA Learning Portal,other,,,,,,,,,,Датата не е потвърдена,date-status-unknown,https://erdera.org/erdera-learning-portal/,2026-08-24,missing,https://erdera.org/erdera-learning-portal/,online; in-person,,
erdera-learning-portal-cell-and-gene-therapies-atmp-development,,Cell and Gene Therapies — ATMP Development,en,ERDERA Learning Portal,course,,,,,,,,,,Датата не е потвърдена,date-status-unknown,https://erdera.org/erdera-learning-portal/,2026-08-24,missing,https://erdera.org/erdera-learning-portal/,online; in-person,,
erdera-learning-portal-clinical-annotation-using-hpo-to-optimize-phenotypic-data,,Clinical Annotation Using HPO to Optimize Phenotypic Data Integration and Variant Prioritization,en,ERDERA Learning Portal,other,,,,,,,,,,Датата не е потвърдена,date-status-unknown,https://erdera.org/erdera-learning-portal/,2026-08-24,missing,https://erdera.org/erdera-learning-portal/,online; in-person,,
erdera-learning-portal-clinical-development,,Clinical Development,en,ERDERA Learning Portal,other,,,,,,,,,,Датата не е потвърдена,date-status-unknown,https://erdera.org/course/preclinical-development/,2026-08-24,missing,https://erdera.org/erdera-learning-portal/,online; in-person,,
erdera-learning-portal-collaborations,,Collaborations,en,ERDERA Learning Portal,other,,,,,,,,,,Датата не е потвърдена,date-status-unknown,https://erdera.org/erdera-learning-portal/,2026-08-24,missing,https://erdera.org/erdera-learning-portal/,online; in-person,,
erdera-learning-portal-composite-endpoints-including-patient-relevant-endpoints--2,,Composite Endpoints Including Patient-Relevant Endpoints: Quality of Life,en,ERDERA Learning Portal,webinar,,,,,,,,,,Датата не е потвърдена,date-status-unknown,https://erdera.org/erdera-learning-portal/,2026-08-24,missing,https://erdera.org/erdera-learning-portal/,online; in-person,,
erdera-learning-portal-composite-endpoints-including-patient-relevant-endpoints-,,Composite Endpoints Including Patient-Relevant Endpoints (Quality of Life),en,ERDERA Learning Portal,webinar,,,,,,,,,,Датата не е потвърдена,date-status-unknown,https://erdera.org/erdera-learning-portal/,2026-08-24,missing,https://erdera.org/erdera-learning-portal/,online; in-person,,
erdera-learning-portal-current-research-services-available-for-the-rare-diseases,,Current Research Services Available for the Rare Diseases Community,en,ERDERA Learning Portal,other,,,,,,,,,,Датата не е потвърдена,date-status-unknown,https://erdera.org/erdera-learning-portal/,2026-08-24,missing,https://erdera.org/erdera-learning-portal/,online; in-person,,
erdera-learning-portal-definition-of-orphan-drug-by-ema,,Definition of Orphan Drug by EMA,en,ERDERA Learning Portal,other,,,,,,,,,,Датата не е потвърдена,date-status-unknown,https://erdera.org/course/definition-of-orphan-drug-by-the-ema/,2026-08-24,missing,https://erdera.org/erdera-learning-portal/,online; in-person,,
erdera-learning-portal-design-and-interpretation-of-clinical-trials,,Design and Interpretation of Clinical Trials,en,ERDERA Learning Portal,course,,,,,,,,,,Датата не е потвърдена,date-status-unknown,https://erdera.org/erdera-learning-portal/,2026-08-24,missing,https://erdera.org/erdera-learning-portal/,online; in-person,,
erdera-learning-portal-designing-and-conducting-clinical-trials-in-rare-diseases,,Designing and Conducting Clinical Trials in Rare Diseases — What industries expect for partnering with clinical sites,en,ERDERA Learning Portal,webinar,,,,,,,,,,Датата не е потвърдена,date-status-unknown,https://erdera.org/course/designing-and-conducting-clinical-trials-in-rare-diseases-what-industries-expect-for-partnering-with-clinical-sites/,2026-08-24,missing,https://erdera.org/erdera-learning-portal/,online; in-person,,
erdera-learning-portal-does-randomization-matter-in-clinical-trials-second-porta,,Does Randomization Matter in Clinical Trials? — second portal record,en,ERDERA Learning Portal,webinar,,,,,,,,,,Датата не е потвърдена,date-status-unknown,https://erdera.org/erdera-learning-portal/,2026-08-24,missing,https://erdera.org/erdera-learning-portal/,online; in-person,,
erdera-learning-portal-does-randomization-matter-in-clinical-trials,,Does Randomization Matter in Clinical Trials?,en,ERDERA Learning Portal,webinar,,,,,,,,,,Датата не е потвърдена,date-status-unknown,https://erdera.org/erdera-learning-portal/,2026-08-24,missing,https://erdera.org/erdera-learning-portal/,online; in-person,,
erdera-learning-portal-early-phase-trial-designs-in-rare-diseases,,Early-Phase Trial Designs in Rare Diseases,en,ERDERA Learning Portal,webinar,,,,,,,,,,Датата не е потвърдена,date-status-unknown,https://erdera.org/erdera-learning-portal/,2026-08-24,missing,https://erdera.org/erdera-learning-portal/,online; in-person,,
erdera-learning-portal-educational-webinar-2-practical-guide-on-how-to-use-the-c,,Educational Webinar 2: Practical guide on how to use the Catalogue of Services and the IMT,en,ERDERA Learning Portal,webinar,,,,,,,,,,Датата не е потвърдена,date-status-unknown,https://erdera.org/erdera-learning-portal/,2026-08-24,missing,https://erdera.org/erdera-learning-portal/,online; in-person,,
erdera-learning-portal-ejp-rd-orphanet-training-sessions-orphanet-nomenclature-o,,EJP-RD Orphanet Training Sessions — Orphanet Nomenclature of Rare Diseases,en,ERDERA Learning Portal,programme,,,,,,,,,,Следваща дата предстои да бъде обявена,next-date-tba,https://erdera.org/course/ejp-rd-orphanet-training-sessions/,2026-08-24,missing,https://erdera.org/erdera-learning-portal/,online; in-person,,
erdera-learning-portal-enhancing-patient-centricity-in-rare-disease-clinical-tri,,Enhancing Patient-Centricity in Rare Disease Clinical Trials,en,ERDERA Learning Portal,webinar,,,,,,,,,,Датата не е потвърдена,date-status-unknown,https://erdera.org/erdera-learning-portal/,2026-08-24,missing,https://erdera.org/erdera-learning-portal/,online; in-person,,
erdera-learning-portal-erdera-diagnostic-research-workstream-webinar-series-an-o,,ERDERA diagnostic research workstream webinar series – An overview (session 1),en,ERDERA Learning Portal,webinar,,,,,,,,,,Датата не е потвърдена,date-status-unknown,https://erdera.org/course/erdera-diagnostic-research-workstream-webinar-series-an-overview-session-1/,2026-08-24,missing,https://erdera.org/erdera-learning-portal/,online; in-person,,
erdera-learning-portal-essential-requirements-before-thinking-about-a-clinical-t,,Essential Requirements Before Thinking About a Clinical Trial,en,ERDERA Learning Portal,webinar,,,,,,,,,,Датата не е потвърдена,date-status-unknown,https://erdera.org/erdera-learning-portal/,2026-08-24,missing,https://erdera.org/erdera-learning-portal/,online; in-person,,
erdera-learning-portal-eurordis-medical-research-and-development,,EURORDIS Medical Research and Development,en,ERDERA Learning Portal,course,,,,,,,,,,Датата не е потвърдена,date-status-unknown,https://erdera.org/erdera-learning-portal/,2026-08-24,missing,https://erdera.org/erdera-learning-portal/,online; in-person,,
erdera-learning-portal-evidence-assessment-framework-the-need-for-a-mindset-shif,,"Evidence Assessment Framework: the need for a mindset shift among developers, regulators and HTAs",en,ERDERA Learning Portal,webinar,,,,,,,,,,Датата не е потвърдена,date-status-unknown,https://erdera.org/course/evidence-assessment-framework-the-need-for-a-mindset-shift-among-developers-regulators-and-htas/,2026-08-24,missing,https://erdera.org/erdera-learning-portal/,online; in-person,,
erdera-learning-portal-finding-a-repurposing-candidate,,Finding a Repurposing Candidate,en,ERDERA Learning Portal,other,,,,,,,,,,Датата не е потвърдена,date-status-unknown,https://erdera.org/erdera-learning-portal/,2026-08-24,missing,https://erdera.org/erdera-learning-portal/,online; in-person,,
erdera-learning-portal-framework-for-patient-engagement-in-clinical-trials,,Framework for Patient Engagement in Clinical Trials,en,ERDERA Learning Portal,other,,,,,,,,,,Датата не е потвърдена,date-status-unknown,https://erdera.org/course/framework-for-patient-engagement-in-clinical-trials/,2026-08-24,missing,https://erdera.org/erdera-learning-portal/,online; in-person,,
erdera-learning-portal-fundamentals-of-statistics-in-clinical-trials,,Fundamentals of Statistics in Clinical Trials,en,ERDERA Learning Portal,course,,,,,,,,,,Датата не е потвърдена,date-status-unknown,https://erdera.org/erdera-learning-portal/,2026-08-24,missing,https://erdera.org/erdera-learning-portal/,online; in-person,,
erdera-learning-portal-gpap-workshop-tier-1-variant-interpretation,,GPAP Workshop: Tier 1 Variant Interpretation,en,ERDERA Learning Portal,workshop,,,,,,,,,,Датата не е потвърдена,date-status-unknown,https://erdera.org/course/gpap-workshop-tier-1-variant-interpretation/,2026-08-24,missing,https://erdera.org/erdera-learning-portal/,online; in-person,,
erdera-learning-portal-hma-ema-workshop-on-patient-registries,,HMA/EMA Workshop on Patient Registries,en,ERDERA Learning Portal,workshop,,,,,,,,,,Датата не е потвърдена,date-status-unknown,https://erdera.org/erdera-learning-portal/,2026-08-24,missing,https://erdera.org/erdera-learning-portal/,online; in-person,,
erdera-learning-portal-how-to-submit-genomic-and-clinical-data-for-re-analysis-t,,How to Submit Genomic and Clinical Data for Re-analysis to the ERDERA Diagnostic Research Workstream,en,ERDERA Learning Portal,other,,,,,,,,,,Датата не е потвърдена,date-status-unknown,https://erdera.org/erdera-learning-portal/,2026-08-24,missing,https://erdera.org/erdera-learning-portal/,online; in-person,,
erdera-learning-portal-interim-analysis-adaptations-and-master-protocols,,"Interim Analysis, Adaptations and Master Protocols",en,ERDERA Learning Portal,webinar,,,,,,,,,,Датата не е потвърдена,date-status-unknown,https://erdera.org/erdera-learning-portal/,2026-08-24,missing,https://erdera.org/erdera-learning-portal/,online; in-person,,
erdera-learning-portal-introduction-to-drug-repurposing,,Introduction to Drug Repurposing,en,ERDERA Learning Portal,other,,,,,,,,,,Датата не е потвърдена,date-status-unknown,https://erdera.org/erdera-learning-portal/,2026-08-24,missing,https://erdera.org/erdera-learning-portal/,online; in-person,,
erdera-learning-portal-introduction-to-patient-reported-outcomes-and-considerati,,Introduction to Patient-Reported Outcomes and considerations before including them in a clinical trial,en,ERDERA Learning Portal,webinar,,,,,,,,,,Датата не е потвърдена,date-status-unknown,https://erdera.org/course/introduction-on-patient-reported-outcomes-and-considerations-before-including-them-in-a-clinical-trial-study-case-from-the-ern-eurobloodnet/,2026-08-24,missing,https://erdera.org/erdera-learning-portal/,online; in-person,,
erdera-learning-portal-introduction-to-translational-medicine,,Introduction to Translational Medicine,en,ERDERA Learning Portal,course,,,,,,,,,,Датата не е потвърдена,date-status-unknown,https://erdera.org/erdera-learning-portal/,2026-08-24,missing,https://erdera.org/erdera-learning-portal/,online; in-person,,
erdera-learning-portal-item-response-models-for-analysing-assessments-in-rare-di,,Item Response Models for Analysing Assessments in Rare Diseases,en,ERDERA Learning Portal,webinar,,,,,,,,,,Датата не е потвърдена,date-status-unknown,https://erdera.org/course/item-response-models-for-analysing-assessments-in-rare-diseases/,2026-08-24,missing,https://erdera.org/erdera-learning-portal/,online; in-person,,
erdera-learning-portal-key-solutions-to-model-longitudinal-natural-history-data-,,Key Solutions to Model Longitudinal Natural-History Data with Application in Ataxia Diseases,en,ERDERA Learning Portal,webinar,,,,,,,,,,Датата не е потвърдена,date-status-unknown,https://erdera.org/course/key-solutions-to-model-longitudinal-natural-history-data-with-application-in-ataxia-diseases/,2026-08-24,missing,https://erdera.org/erdera-learning-portal/,online; in-person,,
erdera-learning-portal-management-of-multinational-clinical-trials-for-rare-dise,,Management of Multinational Clinical Trials for Rare Diseases,en,ERDERA Learning Portal,course,,,,,,,,,,Датата не е потвърдена,date-status-unknown,https://erdera.org/course/training-management-of-multinational-clinical-studies-rd/,2026-08-24,missing,https://erdera.org/erdera-learning-portal/,online,,
erdera-learning-portal-masterclass-on-eu-funding-and-proposal-preparation,,Masterclass on EU Funding and Proposal Preparation,en,ERDERA Learning Portal,course,,,,,,,,,,Датата не е потвърдена,date-status-unknown,https://erdera.org/course/masterclass-on-eu-funding-and-proposal-preparation/,2026-08-24,missing,https://erdera.org/erdera-learning-portal/,online; in-person,,
erdera-learning-portal-medicines-research-and-development,,Medicines Research and Development,en,ERDERA Learning Portal,course,,,,,,,,,,Датата не е потвърдена,date-status-unknown,https://erdera.org/erdera-learning-portal/,2026-08-24,missing,https://erdera.org/erdera-learning-portal/,online; in-person,,
erdera-learning-portal-multi-omics-toolbox-motbox,,Multi-Omics Toolbox (MOTBOX),en,ERDERA Learning Portal,other,,,,,,,,,,Датата не е потвърдена,date-status-unknown,https://erdera.org/erdera-learning-portal/,2026-08-24,missing,https://erdera.org/erdera-learning-portal/,online; in-person,,
erdera-learning-portal-patient-engagement-resource-center,,Patient Engagement Resource Center,en,ERDERA Learning Portal,other,,,,,,,,,,Датата не е потвърдена,date-status-unknown,https://erdera.org/erdera-learning-portal/,2026-08-24,missing,https://erdera.org/erdera-learning-portal/,online; in-person,,
erdera-learning-portal-personalized-medicine-summer-school,,Personalized Medicine Summer School,en,ERDERA Learning Portal,programme,,,,,,,,,,Следваща дата предстои да бъде обявена,next-date-tba,https://erdera.org/erdera-learning-portal/,2026-08-24,missing,https://erdera.org/erdera-learning-portal/,online; in-person,,
erdera-learning-portal-preclinical-development,,Preclinical Development,en,ERDERA Learning Portal,other,,,,,,,,,,Датата не е потвърдена,date-status-unknown,https://erdera.org/erdera-learning-portal/,2026-08-24,missing,https://erdera.org/erdera-learning-portal/,online; in-person,,
erdera-learning-portal-project-management,,Project Management,en,ERDERA Learning Portal,other,,,,,,,,,,Датата не е потвърдена,date-status-unknown,https://erdera.org/erdera-learning-portal/,2026-08-24,missing,https://erdera.org/erdera-learning-portal/,online; in-person,,
erdera-learning-portal-real-world-data-machine-learning-and-deep-analytics-in-ra,,"Real-World Data, Machine Learning and Deep Analytics in Rare Diseases: regulatory-grade data collection",en,ERDERA Learning Portal,webinar,,,,,,,,,,Датата не е потвърдена,date-status-unknown,https://erdera.org/course/rwd-in-rare-diseases-machine-learning-deep-analytics/,2026-08-24,missing,https://erdera.org/erdera-learning-portal/,online; in-person,,
erdera-learning-portal-realised-realising-clinical-trials-in-ultra-rare-diseases,,RealiseD: Realising Clinical Trials in Ultra-Rare Diseases,en,ERDERA Learning Portal,other,,,,,,,,,,Датата не е потвърдена,date-status-unknown,https://erdera.org/course/realised-realising-clinical-trials-in-ultra-rare-diseases/,2026-08-24,missing,https://erdera.org/erdera-learning-portal/,online; in-person,,
erdera-learning-portal-regulation,,Regulation,en,ERDERA Learning Portal,other,,,,,,,,,,Датата не е потвърдена,date-status-unknown,https://erdera.org/erdera-learning-portal/,2026-08-24,missing,https://erdera.org/erdera-learning-portal/,online; in-person,,
erdera-learning-portal-remedi4all-drug-repurposing-bootcamp-for-academics,,REMEDi4ALL Drug Repurposing Bootcamp for Academics,en,ERDERA Learning Portal,workshop,,,,,,,,,,Датата не е потвърдена,date-status-unknown,https://erdera.org/erdera-learning-portal/,2026-08-24,missing,https://erdera.org/erdera-learning-portal/,online; in-person,,
erdera-learning-portal-remedi4all-hackathon-training-resources-for-drug-repurpos,,REMEDi4ALL Hackathon — Training Resources for Drug Repurposing,en,ERDERA Learning Portal,workshop,,,,,,,,,,Датата не е потвърдена,date-status-unknown,https://erdera.org/erdera-learning-portal/,2026-08-24,missing,https://erdera.org/erdera-learning-portal/,online; in-person,,
erdera-learning-portal-replicated-n-of-1-randomized-controlled-trials-for-rare-d,,Replicated N-of-1 Randomized Controlled Trials for Rare Diseases,en,ERDERA Learning Portal,webinar,,,,,,,,,,Датата не е потвърдена,date-status-unknown,https://erdera.org/erdera-learning-portal/,2026-08-24,missing,https://erdera.org/erdera-learning-portal/,online; in-person,,
erdera-learning-portal-repurposing-bootcamp-for-patient-representatives,,Repurposing Bootcamp for Patient Representatives,en,ERDERA Learning Portal,workshop,,,,,,,,,,Датата не е потвърдена,date-status-unknown,https://erdera.org/erdera-learning-portal/,2026-08-24,missing,https://erdera.org/erdera-learning-portal/,online; in-person,,
erdera-learning-portal-securing-patient-access,,Securing Patient Access,en,ERDERA Learning Portal,other,,,,,,,,,,Датата не е потвърдена,date-status-unknown,https://erdera.org/erdera-learning-portal/,2026-08-24,missing,https://erdera.org/erdera-learning-portal/,online; in-person,,
erdera-learning-portal-single-arm-rct-or-something-in-between-how-to-enrich-clin,,"Single arm, RCT or something in between – how to enrich clinical trial design and analysis in rare diseases",en,ERDERA Learning Portal,webinar,,,,,,,,,,Датата не е потвърдена,date-status-unknown,https://erdera.org/course/single-arm-rct-or-something-in-between-how-to-enrich-clinical-trial-design-and-analysis-in-rare-diseases/,2026-08-24,missing,https://erdera.org/erdera-learning-portal/,online; in-person,,
erdera-learning-portal-statistical-and-operational-challenges-with-master-protoc,,Statistical and Operational Challenges with Master Protocols,en,ERDERA Learning Portal,webinar,,,,,,,,,,Датата не е потвърдена,date-status-unknown,https://erdera.org/erdera-learning-portal/,2026-08-24,missing,https://erdera.org/erdera-learning-portal/,online; in-person,,
erdera-learning-portal-statistical-methodology-for-very-small-and-very-large-stu,,Statistical Methodology for Very Small (and Very Large) Studies,en,ERDERA Learning Portal,course,,,,,,,,,,Датата не е потвърдена,date-status-unknown,https://erdera.org/erdera-learning-portal/,2026-08-24,missing,https://erdera.org/erdera-learning-portal/,online; in-person,,
erdera-learning-portal-study-designs-in-epidemiology,,Study Designs in Epidemiology,en,ERDERA Learning Portal,course,,,,,,,,,,Датата не е потвърдена,date-status-unknown,https://erdera.org/erdera-learning-portal/,2026-08-24,missing,https://erdera.org/erdera-learning-portal/,online; in-person,,
erdera-learning-portal-target-product-profile,,Target Product Profile,en,ERDERA Learning Portal,other,,,,,,,,,,Датата не е потвърдена,date-status-unknown,https://erdera.org/erdera-learning-portal/,2026-08-24,missing,https://erdera.org/erdera-learning-portal/,online; in-person,,
erdera-learning-portal-the-assay-guidance-manual,,The Assay Guidance Manual,en,ERDERA Learning Portal,other,,,,,,,,,,Датата не е потвърдена,date-status-unknown,https://erdera.org/erdera-learning-portal/,2026-08-24,missing,https://erdera.org/erdera-learning-portal/,online; in-person,,
erdera-learning-portal-the-statistical-evaluation-of-surrogate-endpoints-in-clin,,The Statistical Evaluation of Surrogate Endpoints in Clinical Trials,en,ERDERA Learning Portal,webinar,,,,,,,,,,Датата не е потвърдена,date-status-unknown,https://erdera.org/erdera-learning-portal/,2026-08-24,missing,https://erdera.org/erdera-learning-portal/,online; in-person,,
erdera-learning-portal-translational-medicine-explained-tmex,,Translational Medicine Explored (TMex) 2026,en,EATRIS,course,2026-11-30,,Europe/Sofia,,,,,,,Предстоящо събитие,upcoming-event,https://eatris.eu/training/education-training-news/,2026-08-24,missing,https://eatris.eu/training/education-training-news/,in-person,,2026-11-29T22:00:00.000Z
erdera-learning-portal-webinar-for-smes-and-academia-on-the-clinical-trials-regu,,Webinar for SMEs and academia on the Clinical Trials Regulation and CTIS,en,ERDERA Learning Portal,webinar,,,,,,,,,,Датата не е потвърдена,date-status-unknown,https://erdera.org/course/webinar-for-small-and-medium-sized-enterprises-smes-and-academia-on-the-clinical-trials-regulation-and-the-clinical-trials-information-system-ctis/,2026-08-24,missing,https://erdera.org/erdera-learning-portal/,online; in-person,,
erdera-learning-portal-working-with-patients,,Working with Patients,en,ERDERA Learning Portal,course,,,,,,,,,,Датата не е потвърдена,date-status-unknown,https://erdera.org/erdera-learning-portal/,2026-08-24,missing,https://erdera.org/erdera-learning-portal/,online; in-person,,
erdera-partner-universities-european-university-diploma-in-rare-disease-research,,European University Diploma in Rare Disease Research — ERDERA pilot,en,ERDERA partner universities,programme,,,,,,,,,,Следваща дата предстои да бъде обявена,next-date-tba,https://erdera.org/training-and-education/,2026-08-24,missing,https://erdera.org/training-and-education/,unknown,,
erdera-rare-diseases-virtual-platform-training-for-resources-joining-the-rare-di,,Training for resources joining the Rare Diseases Virtual Platform,en,ERDERA / Rare Diseases Virtual Platform,other,,,,,,,,,,Датата не е потвърдена,date-status-unknown,https://erdera.org/event/training-for-resources-joining-the-rare-diseases-virtual-platform/,2026-08-24,missing,https://erdera.org/event/training-for-resources-joining-the-rare-diseases-virtual-platform/,online,,
ern-cranio-international-cleft-palate-foundation-icpf-2026-pre-congress-hands-on-training-for-surgeons-and-anesthesiologists,,ICPF 2026 Pre-Congress Hands-On Training for Surgeons and Anesthesiologists,en,ERN CRANIO / International Cleft Palate Foundation,workshop,2026-09-29,,Europe/Sofia,,,,,,,Предстоящо събитие,upcoming-event,https://www.ern-cranio.eu/news,2026-08-24,missing,https://www.ern-cranio.eu/news,in-person,,2026-09-28T21:00:00.000Z
ern-euro-nmd-euro-nmd-academy-mitochondrial-disorders-course,,EURO-NMD Academy — Mitochondrial Disorders Course,en,ERN EURO-NMD,course,,,,,,,,,,Датата не е потвърдена,date-status-unknown,https://ern-euro-nmd.eu/euro-nmd-academy-moodle/,2026-08-24,missing,https://ern-euro-nmd.eu/euro-nmd-academy-moodle/,self-paced; online,,
ern-eurobloodnet-ern-eurobloodnet-thursdays-webinars,,ERN-EuroBloodNet Thursdays Webinars,en,ERN-EuroBloodNet,other,,,,,,,,,,Датата не е потвърдена,date-status-unknown,https://eurobloodnet.eu/education/thursdays-webinars/,2026-08-24,missing,https://eurobloodnet.eu/education/thursdays-webinars/,self-paced; online,,
ern-ithaca-italian-clinical-genetics-working-group-eurodysmorpho-2026,,EuroDysmorpho 2026,en,ERN ITHACA / Italian Clinical Genetics Working Group,workshop,2026-09-16,,Europe/Sofia,,,,,,,Предстоящо събитие,upcoming-event,https://ern-ithaca.eu/events-news/eurodysmorpho/,2026-08-24,missing,https://ern-ithaca.eu/events-news/eurodysmorpho/,in-person,,2026-09-15T21:00:00.000Z
ern-rnd-eancampus-ataxia-and-hereditary-spastic-paraplegia-module,,Postgraduate Curriculum in Rare Neurological Diseases — Ataxia/HSP module,en,ERN-RND / eanCampus,programme,,,,,,,,,,Следваща дата предстои да бъде обявена,next-date-tba,https://www.ern-rnd.eu/postgraduate-curriculum-in-rare-neurological-diseases/,2026-08-24,missing,https://www.ern-rnd.eu/education-training/,online,,
ern-rnd-euro-nmd-ern-rnd-scientific-symposium-registries-for-rare-neurological-diseases,,ERN-RND Scientific Symposium: Registries for Rare Neurological Diseases,en,ERN-RND / EURO-NMD,webinar,2026-10-10,,Europe/Sofia,,,,,,,Предстоящо събитие,upcoming-event,https://www.ern-rnd.eu/events/,2026-08-24,missing,https://www.ern-rnd.eu/events/,online,,2026-10-09T21:00:00.000Z
eshg-course-programme-portuguese-organizers-9th-course-basics-in-human-genetic-d,,9th Course: Basics in Human Genetic Diagnostics,en,ESHG course programme / Portuguese organizers,course,2026-09-07,,Europe/Sofia,,,,,,,Предстоящо събитие,upcoming-event,https://www.ebmg.eu/669.0.html,2026-08-24,missing,https://www.ebmg.eu/669.0.html,in-person,,2026-09-06T21:00:00.000Z
eshg-other-courses-listing-external-organizers-genetic-half-hour,,Genetic Half-Hour,en,ESHG “Other Courses” listing / external organizers,webinar,,,,,,,,,,Датата не е потвърдена,date-status-unknown,https://www.gfhev.de/termine/k230-26-genetic-half-hour-comprehensive-course-in-clinical-genetics,2026-08-24,missing,https://www.gfhev.de/termine/k230-26-genetic-half-hour-comprehensive-course-in-clinical-genetics,unknown,,
eupati-eupati-patient-expert-training-programme-2026-2027-cohort,,EUPATI Patient Expert Training Programme — 2026–2027 cohort,en,EUPATI,programme,,,,,,,,,,Следваща дата предстои да бъде обявена,next-date-tba,https://learning.eupati.eu/admin/tool/custompage/view.php?id=3,2026-08-24,missing,https://learning.eupati.eu/admin/tool/custompage/view.php?id=3,online; in-person; hybrid,,
european-board-of-medical-genetics-ebmg-ebmg-registration-for-genetic-counsellor,,EBMG registration for Genetic Counsellors and Genetic Nurses,en,European Board of Medical Genetics (EBMG),other,,,,,,,,,,Датата не е потвърдена,date-status-unknown,https://www.ebmg.eu/880.0.html,2026-08-24,missing,https://www.ebmg.eu/880.0.html,unknown,,
european-board-of-medical-genetics-ebmg-european-registered-clinical-laboratory-,,European registered Clinical Laboratory Geneticist (ErCLG),en,European Board of Medical Genetics (EBMG),other,,,,,,,,,,Датата не е потвърдена,date-status-unknown,https://www.ebmg.eu/669.0.html,2026-08-24,missing,https://www.ebmg.eu/669.0.html,unknown,,
european-board-of-rare-and-undiagnosed-diseases-uems-mjc-rud-european-certificat,,European Certificate in Essentials in Rare and Undiagnosed Diseases (EC RUD),en,European Board of Rare and Undiagnosed Diseases / UEMS MJC-RUD,other,,,,,,,,,,Датата не е потвърдена,date-status-unknown,https://mjcrud-uems.pte.hu/content/european-board-rare-and-undiagnosed-diseases,2026-08-24,missing,https://mjcrud-uems.pte.hu/content/european-board-rare-and-undiagnosed-diseases,unknown,,
european-clinical-research-infrastructure-network-ecrin-rare-diseases-clinical-trials-toolbox,,Rare Diseases Clinical Trials Toolbox,en,European Clinical Research Infrastructure Network (ECRIN),other,,,,,,,,,,Датата не е потвърдена,date-status-unknown,https://ecrin.org/rare-diseases-clinical-trials-toolbox,2026-08-24,missing,https://ecrin.org/rare-diseases-clinical-trials-toolbox,online,,
european-commission-24-european-reference-networks-european-reference-networks-e,,European Reference Networks — education entry points,en,European Commission / 24 European Reference Networks,other,,,,,,,,,,Датата не е потвърдена,date-status-unknown,https://health.ec.europa.eu/rare-diseases-and-european-reference-networks/european-reference-networks_en,2026-08-24,missing,https://health.ec.europa.eu/rare-diseases-and-european-reference-networks/european-reference-networks_en,online; in-person,,
european-commission-dg-sante-european-health-data-space-webinar-series,,European Health Data Space Webinar Series,en,European Commission — DG SANTE,other,,,,,,,,,,Датата не е потвърдена,date-status-unknown,https://health.ec.europa.eu/ehealth-digital-health-and-care/european-health-data-space-regulation-ehds/european-health-data-space-ehds-webinar-series_en,2026-08-24,missing,https://health.ec.europa.eu/ehealth-digital-health-and-care/european-health-data-space-regulation-ehds/european-health-data-space-ehds-webinar-series_en,online,,
european-cytogeneticists-association-eca-european-cytogeneticists-association-co,,"European Cytogeneticists Association courses, including Goldrain and Nîmes",en,European Cytogeneticists Association (ECA),other,,,,,,,,,,Датата не е потвърдена,date-status-unknown,https://www.ebmg.eu/669.0.html,2026-08-24,missing,https://www.ebmg.eu/669.0.html,unknown,,
european-cytogeneticists-association-goldrain-course-listed-by-eshg-19th-goldrai,,19th Goldrain Course in Clinical Cytogenetics,en,European Cytogeneticists Association / Goldrain Course (listed by ESHG),course,2026-08-25,,Europe/Sofia,,,,,,,Минало събитие,past-event,https://www.biologia.uniba.it/SEC/index.html,2026-08-24,missing,https://www.biologia.uniba.it/SEC/index.html,in-person,,
european-reference-network-for-rare-neurological-diseases-ern-rnd-ern-rnd-online,,ERN-RND Online Medical Education for Rare Neurological Diseases,en,European Reference Network for Rare Neurological Diseases (ERN-RND),webinar,,,,,,,,,,Датата не е потвърдена,date-status-unknown,https://www.ern-rnd.eu/education-training/online-medical-education-for-rare-neurological-diseases/,2026-08-24,missing,https://www.ern-rnd.eu/education-training/online-medical-education-for-rare-neurological-diseases/,online,,
european-society-of-human-genetics-eshg-6th-hereditary-cancer-genetics-course,,6th Hereditary Cancer Genetics Course,en,European Society of Human Genetics (ESHG),course,2026-09-22,,Europe/Sofia,,,,,,,Предстоящо събитие,upcoming-event,https://www.eshg.org/courses/hereditary-cancer-genetics-course,2026-08-24,missing,https://www.eshg.org/courses/hereditary-cancer-genetics-course,in-person,,2026-09-21T21:00:00.000Z
european-society-of-human-genetics-eshg-basic-and-advanced-genetic-counselling-r,,Basic and Advanced Genetic Counselling — recurring ESHG course series,en,European Society of Human Genetics (ESHG),course,,,,,,,,,,Датата не е потвърдена,date-status-unknown,https://www.eshg.org/courses,2026-08-24,missing,https://www.eshg.org/courses,unknown,,
european-society-of-human-genetics-eshg-cardiac-genetics-training-course-recurri,,Cardiac Genetics Training Course — recurring ESHG course series,en,European Society of Human Genetics (ESHG),course,,,,,,,,,,Датата не е потвърдена,date-status-unknown,https://www.eshg.org/courses,2026-08-24,missing,https://www.eshg.org/courses,unknown,,
european-society-of-human-genetics-eshg-clinical-genomics-and-ngs-virtual-on-dem,,Clinical Genomics and NGS — virtual/on-demand 2026 edition,en,European Society of Human Genetics (ESHG),course,,,,,,,,,,Датата не е потвърдена,date-status-unknown,https://www.eshg.org/bertinoro0-1,2026-08-24,missing,https://www.eshg.org/bertinoro0-1,self-paced; online,,
european-society-of-human-genetics-eshg-clinical-ngs-data-interpretation-eshg-pr,,Clinical NGS Data Interpretation — ESHG pre-conference course 2026,en,European Society of Human Genetics (ESHG),workshop,2026-06-11,,Europe/Sofia,,,,,,,Минало събитие,past-event,https://www.eshg.org/courses-archive,2026-08-24,missing,https://www.eshg.org/courses-archive,unknown,,
european-society-of-human-genetics-eshg-covering-the-gaps-2026,,Covering the Gaps 2026,en,European Society of Human Genetics (ESHG),course,2026-11-26,,Europe/Sofia,,,,,,,Предстоящо събитие,upcoming-event,https://www.eshg.org/covering-the-gaps,2026-08-24,missing,https://www.eshg.org/covering-the-gaps,online,,2026-11-25T22:00:00.000Z
european-society-of-human-genetics-eshg-eshg-course-programme-current-and-forthc,,ESHG course programme — current and forthcoming editions,en,European Society of Human Genetics (ESHG),other,,,,,,,,,,Датата не е потвърдена,date-status-unknown,https://www.eshg.org/courses,2026-08-24,missing,https://www.eshg.org/courses,online; in-person; hybrid,,
european-society-of-human-genetics-eshg-eshg-mentorship-programme,,ESHG Mentorship Programme,en,European Society of Human Genetics (ESHG),other,2026-09-01,,Europe/Sofia,,,,,,,Предстоящо събитие,upcoming-event,https://www.eshg.org/education/eshg-mentorship-programme,2026-08-24,missing,https://www.eshg.org/education/eshg-mentorship-programme,unknown,,2026-08-31T21:00:00.000Z
european-society-of-human-genetics-eshg-eshg-monthly-webinars-and-recordings,,ESHG monthly webinars and recordings,en,European Society of Human Genetics (ESHG),webinar,,,,,,,,,,Датата не е потвърдена,date-status-unknown,https://www.eshg.org/education/webinar-conference-library,2026-08-24,missing,https://www.eshg.org/education/webinar-conference-library,online,,
european-society-of-human-genetics-eshg-eshg-observership-programme,,ESHG Observership Programme,en,European Society of Human Genetics (ESHG),other,2026-09-01,,Europe/Sofia,,,,,,,Предстоящо събитие,upcoming-event,https://www.eshg.org/education/eshg-observership-programme,2026-08-24,missing,https://www.eshg.org/education/eshg-observership-programme,unknown,,2026-08-31T21:00:00.000Z
european-society-of-human-genetics-eshg-introduction-to-statistical-analysis-of-,,Introduction to Statistical Analysis of GWAS — recurring ESHG course series,en,European Society of Human Genetics (ESHG),course,,,,,,,,,,Датата не е потвърдена,date-status-unknown,https://www.eshg.org/courses,2026-08-24,missing,https://www.eshg.org/courses,unknown,,
european-society-of-human-genetics-eshg-presentation-skills-workshop-eshg-2026,,Presentation Skills Workshop — ESHG 2026,en,European Society of Human Genetics (ESHG),workshop,2026-05-19,,Europe/Sofia,,,,,,,Минало събитие,past-event,https://www.eshg.org/courses-archive,2026-08-24,missing,https://www.eshg.org/courses-archive,unknown,,
european-society-of-human-genetics-eshg-teach-the-teacher-genetics,,Teach the Teacher Genetics,en,European Society of Human Genetics (ESHG),workshop,2026-06-12,,Europe/Sofia,,,,,,,Минало събитие,past-event,https://www.eshg.org/courses-archive,2026-08-24,missing,https://www.eshg.org/courses-archive,unknown,,
european-society-of-human-genetics-eshg-unleashing-the-power-of-large-scale-geno,,Unleashing the Power of Large-Scale Genomic Public Databases,en,European Society of Human Genetics (ESHG),workshop,2026-06-12,,Europe/Sofia,,,,,,,Минало събитие,past-event,https://www.eshg.org/courses-archive,2026-08-24,missing,https://www.eshg.org/courses-archive,unknown,,
eurordis-open-academy-creating-great-mobile-video,,Creating Great Mobile Video,en,EURORDIS Open Academy,course,,,,,,,,,,Датата не е потвърдена,date-status-unknown,https://openacademy.eurordis.org/courses/creating-great-mobile-video/,2026-08-24,missing,https://openacademy.eurordis.org/courses/creating-great-mobile-video/,online,,
eurordis-open-academy-erdera-open-academy-erdera-training-on-data-ethics-and-ai,,"Open Academy × ERDERA Training on Data, Ethics and AI",en,EURORDIS Open Academy / ERDERA,programme,2026-09-14,,Europe/Sofia,,,,,,,Предстоящо събитие,upcoming-event,https://openacademy.eurordis.org/navigating-rare-disease-research-data-ethics/,2026-08-24,missing,https://erdera.org/erdera-learning-portal/,hybrid,,2026-09-13T21:00:00.000Z
eurordis-open-academy-establishing-an-international-cooperation,,Establishing an International Cooperation,en,EURORDIS Open Academy,course,,,,,,,,,,Датата не е потвърдена,date-status-unknown,https://openacademy.eurordis.org/courses/establishing-an-international-cooperation/,2026-08-24,missing,https://openacademy.eurordis.org/courses/establishing-an-international-cooperation/,online,,
eurordis-open-academy-genetic-research-to-clinical-diagnosis-of-rare-diseases,,Genetic Research to Clinical Diagnosis of Rare Diseases,en,EURORDIS Open Academy,course,,,,,,,,,,Датата не е потвърдена,date-status-unknown,https://openacademy.eurordis.org/courses/genetic-research-to-clinical-diagnosis-of-rare-diseases/,2026-08-24,missing,https://openacademy.eurordis.org/courses/genetic-research-to-clinical-diagnosis-of-rare-diseases/,online,,
eurordis-open-academy-international-advocacy-for-rare-diseases,,International Advocacy for Rare Diseases,en,EURORDIS Open Academy,course,,,,,,,,,,Датата не е потвърдена,date-status-unknown,https://openacademy.eurordis.org/courses/international-advocacy-for-rare-diseases/,2026-08-24,missing,https://openacademy.eurordis.org/courses/international-advocacy-for-rare-diseases/,online,,
eurordis-open-academy-introduction-to-genetics-and-genomics,,Introduction to Genetics and Genomics,en,EURORDIS Open Academy,course,,,,,,,,,,Датата не е потвърдена,date-status-unknown,https://openacademy.eurordis.org/courses/introduction-to-genetics-and-genomics/,2026-08-24,missing,https://openacademy.eurordis.org/courses/introduction-to-genetics-and-genomics/,online,,
eurordis-open-academy-introduction-to-the-european-and-international-research-la,,Introduction to the European and International Research Landscape,en,EURORDIS Open Academy,course,,,,,,,,,,Датата не е потвърдена,date-status-unknown,https://openacademy.eurordis.org/courses/introduction-to-the-european-and-international-research-landscape/,2026-08-24,missing,https://openacademy.eurordis.org/courses/introduction-to-the-european-and-international-research-landscape/,online,,
eurordis-open-academy-market-access-and-health-technology-assessment-hta,,Market Access and Health Technology Assessment (HTA),en,EURORDIS Open Academy,course,,,,,,,,,,Датата не е потвърдена,date-status-unknown,https://openacademy.eurordis.org/courses/market-access-and-hta/,2026-08-24,missing,https://openacademy.eurordis.org/courses/market-access-and-hta/,online,,
eurordis-open-academy-pre-training-scientific-innovation-and-translational-resea,,Pre-training: Scientific Innovation and Translational Research,en,EURORDIS Open Academy,course,,,,,,,,,,Датата не е потвърдена,date-status-unknown,https://openacademy.eurordis.org/courses/pre-training-scientific-innovation-and-translational-research/,2026-08-24,missing,https://openacademy.eurordis.org/courses/pre-training-scientific-innovation-and-translational-research/,online,,
eurordis-open-academy-rare-disease-registries-eurordis-mentoring-resources,,Rare Disease Registries — EURORDIS mentoring resources,en,EURORDIS Open Academy,other,,,,,,,,,,Датата не е потвърдена,date-status-unknown,https://openacademy.eurordis.org/courses/mentoring-programme-resources-group-5-rare-disease-registries/,2026-08-24,missing,https://openacademy.eurordis.org/courses/mentoring-programme-resources-group-5-rare-disease-registries/,online,,
eurordis-open-academy-setting-the-landscape,,Setting the Landscape,en,EURORDIS Open Academy,course,,,,,,,,,,Датата не е потвърдена,date-status-unknown,https://openacademy.eurordis.org/courses/setting-the-landscape/,2026-08-24,missing,https://openacademy.eurordis.org/courses/setting-the-landscape/,online,,
eurordis-open-academy-sharing-patient-data,,Sharing Patient Data,en,EURORDIS Open Academy,course,,,,,,,,,,Датата не е потвърдена,date-status-unknown,https://openacademy.eurordis.org/courses/sharing-patient-data/,2026-08-24,missing,https://openacademy.eurordis.org/courses/sharing-patient-data/,online,,
eurordis-open-academy-survey-design-for-rare-disease-patient-organisations,,Survey Design for Rare Disease Patient Organisations,en,EURORDIS Open Academy,course,,,,,,,,,,Датата не е потвърдена,date-status-unknown,https://openacademy.eurordis.org/courses/survey-design-rare-disease-patient-organisations/,2026-08-24,missing,https://openacademy.eurordis.org/courses/survey-design-rare-disease-patient-organisations/,online,,
eurordis-open-academy-trials-home-decentralised-clinical-trials,,Trials@Home: Decentralised Clinical Trials,en,EURORDIS Open Academy,course,,,,,,,,,,Датата не е потвърдена,date-status-unknown,https://openacademy.eurordis.org/courses/the-trialshome-course-on-decentralised-clinical-trials/,2026-08-24,missing,https://openacademy.eurordis.org/courses/the-trialshome-course-on-decentralised-clinical-trials/,online,,
eurordis-rare-diseases-europe-eurordis-open-academy-all-online-courses,,EURORDIS Open Academy — all online courses,en,EURORDIS Rare Diseases Europe,other,,,,,,,,,,Датата не е потвърдена,date-status-unknown,https://openacademy.eurordis.org/all-courses/,2026-08-24,missing,https://openacademy.eurordis.org/all-courses/,online,,
eurordis-rare-diseases-europe-eurordis-open-academy-schools,,EURORDIS Open Academy Schools,en,EURORDIS Rare Diseases Europe,programme,,,,,,,,,,Следваща дата предстои да бъде обявена,next-date-tba,https://openacademy.eurordis.org/open-academy-schools/,2026-08-24,missing,https://openacademy.eurordis.org/open-academy-schools/,online; in-person; hybrid,,
foundation-for-rare-diseases-futurelearn-from-dna-to-cure-gene-and-gene-modified,,From DNA to Cure: Gene and Gene-Modified Cell Therapies for Rare Diseases,en,Foundation for Rare Diseases / FutureLearn,course,,,,,,,,,,Датата не е потвърдена,date-status-unknown,https://www.futurelearn.com/courses/from-dna-to-cure-gene-and-gene-modified-cell-therapies-for-rare-diseases,2026-08-24,missing,https://www.futurelearn.com/courses/from-dna-to-cure-gene-and-gene-modified-cell-therapies-for-rare-diseases,online,,
gen-equip-primary-care-genetics-education-gen-equip-genetics-education-tutorials,,Gen-Equip genetics education tutorials,en,Gen-Equip / primary-care genetics education,other,,,,,,,,,,Датата не е потвърдена,date-status-unknown,https://www.primarycaregenetics.org/?page_id=109&lang=en,2026-08-24,missing,https://www.ebmg.eu/669.0.html,unknown,,
georgian-society-of-medical-genetics-and-epigenetics-eshg-course-programme-trans,,Translational Epigenetics in Precision Medicine,en,Georgian Society of Medical Genetics and Epigenetics / ESHG course programme,course,2026-10-31,,Europe/Sofia,,,,,,,Предстоящо събитие,upcoming-event,https://geneticsgeorgia.org/language/en/epigenetics-course/,2026-08-24,missing,https://geneticsgeorgia.org/language/en/epigenetics-course/,in-person,,2026-10-30T22:00:00.000Z
institut-pasteur-fun-mooc-listed-by-bbmri-eric-biobanking-mooc,,Biobanking MOOC,en,Institut Pasteur / FUN-MOOC (listed by BBMRI-ERIC),course,,,,,,,,,,Датата не е потвърдена,date-status-unknown,https://www.bbmri-eric.eu/services/e-learning/,2026-08-24,missing,https://www.bbmri-eric.eu/services/e-learning/,unknown,,
international-society-for-biological-and-environmental-repositories-isber-isber-biobanking-101-201-workshops,,ISBER Biobanking 101/201 Workshops,en,International Society for Biological and Environmental Repositories (ISBER),workshop,,,,,,,,,,Датата не е потвърдена,date-status-unknown,https://www.isber.org/page/Biobanking101201,2026-08-24,missing,https://www.isber.org/page/Biobanking101201,self-paced; online,,
isber-ascp-board-of-certification-qualification-in-biorepository-science-qbrs,,Qualification in Biorepository Science (QBRS),en,ISBER / ASCP Board of Certification,other,,,,,,,,,,Датата не е потвърдена,date-status-unknown,https://www.isber.org/page/qualification,2026-08-24,missing,https://www.isber.org/page/qualification,online,,
isber-canadian-tissue-repository-network-essentials-of-biobanking-course,,Essentials of Biobanking Course,en,ISBER / Canadian Tissue Repository Network,course,,,,,,,,,,Датата не е потвърдена,date-status-unknown,https://www.isber.org/page/EssentialsBiobanking,2026-08-24,missing,https://www.isber.org/page/EssentialsBiobanking,self-paced; online,,
leena-peltonen-school-of-human-genetics-listed-by-eshg-leena-peltonen-school-of-,,Leena Peltonen School of Human Genetics,en,Leena Peltonen School of Human Genetics (listed by ESHG),programme,2026-07-26,,Europe/Sofia,,,,,,,Минало събитие,past-event,https://lpshg.com/,2026-08-24,missing,https://lpshg.com/,in-person,,
manchester-centre-for-genomic-medicine-eshg-3rd-eshg-training-course-on-pharmaco,,3rd ESHG Training Course on Pharmacogenomics,en,Manchester Centre for Genomic Medicine / ESHG,course,2026-11-11,,Europe/Sofia,,,,,,,Предстоящо събитие,upcoming-event,https://www.mrcc.org.uk/events/eshg-pharmacogenetics-course-2026-in-person-manchester-uk/,2026-08-24,missing,https://www.mrcc.org.uk/events/eshg-pharmacogenetics-course-2026-in-person-manchester-uk/,in-person,,2026-11-10T22:00:00.000Z
manchester-centre-for-genomic-medicine-eshg-eshg-syndromology-and-dysmorphology-,,ESHG Syndromology and Dysmorphology Course,en,Manchester Centre for Genomic Medicine / ESHG,course,2026-10-14,,Europe/Sofia,,,,,,,Предстоящо събитие,upcoming-event,https://www.mrcc.org.uk/events/manchester-eshg-syndromology-and-dysmorphology-course-2026/,2026-08-24,missing,https://www.mrcc.org.uk/events/manchester-eshg-syndromology-and-dysmorphology-course-2026/,in-person,,2026-10-13T21:00:00.000Z
medics-for-rare-disease-m4rd-clinical-trials-and-early-access-programmes,,Clinical Trials and Early Access Programmes,en,Medics for Rare Disease (M4RD),course,,,,,,,,,,Датата не е потвърдена,date-status-unknown,https://learn.m4rd.org/,2026-08-24,missing,https://learn.m4rd.org/,self-paced; online,,
medics-for-rare-disease-m4rd-rare-disease-101-nursing,,Rare Disease 101 — Nursing,en,Medics for Rare Disease (M4RD),course,,,,,,,,,,Датата не е потвърдена,date-status-unknown,https://learn.m4rd.org/,2026-08-24,missing,https://learn.m4rd.org/,self-paced; online,,
medics-for-rare-disease-m4rd-rare-disease-101,,Rare Disease 101,en,Medics for Rare Disease (M4RD),course,,,,,,,,,,Датата не е потвърдена,date-status-unknown,https://learn.m4rd.org/,2026-08-24,missing,https://learn.m4rd.org/,self-paced; online,,
medics-for-rare-disease-rareminds-mental-health-and-rare-disease,,Mental Health and Rare Disease,en,Medics for Rare Disease / Rareminds,course,,,,,,,,,,Датата не е потвърдена,date-status-unknown,https://learn.m4rd.org/,2026-08-24,missing,https://learn.m4rd.org/,self-paced; online,,
medics-for-rare-disease-rarest-rare-disease-101-australia,,Rare Disease 101 — Australia,en,Medics for Rare Disease / RArEST,course,,,,,,,,,,Датата не е потвърдена,date-status-unknown,https://learn.m4rd.org/mod/page/view.php?id=440,2026-08-24,missing,https://learn.m4rd.org/mod/page/view.php?id=440,self-paced; online,,
national-organization-for-rare-disorders-nord-an-introduction-to-rare-diseases,,An Introduction to Rare Diseases,en,National Organization for Rare Disorders (NORD),course,,,,,,,,,,Датата не е потвърдена,date-status-unknown,https://learn.rarediseases.org/courses/intro-rare-diseases/,2026-08-24,missing,https://learn.rarediseases.org/courses/intro-rare-diseases/,self-paced; online,,
national-organization-for-rare-disorders-nord-rarelaunch,,RareLaunch®,en,National Organization for Rare Disorders (NORD),course,,,,,,,,,,Датата не е потвърдена,date-status-unknown,https://rarediseases.org/working-together/rarelaunch/,2026-08-24,missing,https://rarediseases.org/working-together/rarelaunch/,self-paced; online,,
nhs-england-genomics-education-programme-nhs-rare-disease-education-hub,,NHS Rare Disease Education Hub,en,NHS England Genomics Education Programme,other,,,,,,,,,,Датата не е потвърдена,date-status-unknown,https://www.genomicseducation.hee.nhs.uk/rare-disease-education-hub/,2026-08-24,missing,https://www.genomicseducation.hee.nhs.uk/rare-disease-education-hub/,online,,
nhs-england-genomics-education-programme-uwe-bristol-genomics-and-counselling-skills,,Genomics and Counselling Skills,en,NHS England Genomics Education Programme / UWE Bristol,course,2026-09-11,,Europe/Sofia,,,,,,,Предстоящо събитие,upcoming-event,https://www.genomicseducation.hee.nhs.uk/education/taught-courses/genomics-and-counselling-skills/,2026-08-24,missing,https://www.genomicseducation.hee.nhs.uk/education/taught-courses/genomics-and-counselling-skills/,online; hybrid,,2026-09-10T21:00:00.000Z
nord-fda-cder-critical-path-institute-rare-disease-drug-development-what-patients-and-advocates-need-to-know,,Rare Disease Drug Development: What Patients and Advocates Need to Know,en,NORD / FDA CDER / Critical Path Institute,course,,,,,,,,,,Датата не е потвърдена,date-status-unknown,https://learn.rarediseases.org/,2026-08-24,missing,https://learn.rarediseases.org/,self-paced; online,,
orphanet-orphanet-tutorials,,Orphanet Tutorials,en,Orphanet,other,,,,,,,,,,Датата не е потвърдена,date-status-unknown,https://www.orpha.net/en/other-information/orphanet-tutorial,2026-08-24,missing,https://www.orpha.net/en/other-information/orphanet-tutorial,online,,
provider-linked-from-ebmg-erclg-examples-page-virtual-prenatal-genetics-short-co,,Virtual Prenatal Genetics Short Course 2025,en,Provider linked from EBMG ErCLG examples page,other,,,,,,,,,,Датата не е потвърдена,date-status-unknown,https://www.ebmg.eu/669.0.html,2026-08-24,missing,https://www.ebmg.eu/669.0.html,unknown,,
rd-connect-rd-connect-training-and-previous-events-archive,,RD-Connect training and previous events archive,en,RD-Connect,other,,,,,,,,,,Датата не е потвърдена,date-status-unknown,https://rd-connect.eu/previous-events/,2026-08-24,missing,https://rd-connect.eu/previous-events/,unknown,,
remedi4all-2026-remedi4all-hackathon,,2026 REMEDi4ALL Hackathon,en,REMEDi4ALL,workshop,2026-09-06,,Europe/Sofia,,,,,,,Предстоящо събитие,upcoming-event,https://remedi4all.org/event/2026-remedi4all-hackathon/,2026-08-24,missing,https://remedi4all.org/event/2026-remedi4all-hackathon/,in-person,,2026-09-05T21:00:00.000Z
st-georges-university-of-london-futurelearn-the-genomics-era-the-future-of-genet,,The Genomics Era: the Future of Genetics in Medicine,en,"St George’s, University of London / FutureLearn",course,2026-08-24,,Europe/Sofia,,,,,,,Минало събитие,past-event,https://www.futurelearn.com/courses/the-genomics-era,2026-08-24,missing,https://www.futurelearn.com/courses/the-genomics-era,online,,
synthema-ern-eurobloodnet-synthema-and-ern-eurobloodnet-educational-programme-on-artificial-intelligence,,SYNTHEMA & ERN-EuroBloodNet Educational Programme on Artificial Intelligence in Hematology,en,SYNTHEMA / ERN-EuroBloodNet,other,,,,,,,,,,Датата не е потвърдена,date-status-unknown,https://eurobloodnet.eu/news/719/new-educational-program-on-artificial-intelligence-and-its-applications-in-hematology,2026-08-24,missing,https://eurobloodnet.eu/news/719/new-educational-program-on-artificial-intelligence-and-its-applications-in-hematology,online,,
ucsc-genome-browser-ucsc-genome-browser-training,,UCSC Genome Browser training,en,UCSC Genome Browser,other,,,,,,,,,,Датата не е потвърдена,date-status-unknown,https://genome.ucsc.edu/training/,2026-08-24,missing,https://genome.ucsc.edu/training/,unknown,,
uems-section-of-medical-genetics-ebmg-eshg-european-certificate-in-medical-genet,,European Certificate in Medical Genetics and Genomics (ECMGG),en,UEMS Section of Medical Genetics / EBMG / ESHG,other,2026-04-20,,Europe/Sofia,,,,,,,Минало събитие,past-event,https://www.uems-ecmgg.org/Home.html,2026-08-24,missing,https://www.uems-ecmgg.org/Apply.html,online,,
university-of-exeter-futurelearn-genomic-medicine-and-research-a-community-appro,,Genomic Medicine and Research: A Community Approach,en,University of Exeter / FutureLearn,course,,,,,,,,,,Датата не е потвърдена,date-status-unknown,https://www.futurelearn.com/courses/community-genetics,2026-08-24,missing,https://www.futurelearn.com/courses/community-genetics,online,,
university-of-glasgow-futurelearn-genomic-medicine-harnessing-the-power-of-the-h,,Genomic Medicine: Harnessing the Power of the Human Genome,en,University of Glasgow / FutureLearn,course,,,,,,,,,,Датата не е потвърдена,date-status-unknown,https://www.futurelearn.com/courses/harnessing-the-power-of-genomics-in-medicine,2026-08-24,missing,https://www.futurelearn.com/courses/harnessing-the-power-of-genomics-in-medicine,online,,
university-of-leeds-futurelearn-understanding-genetic-disorders-how-dna-influenc,,Understanding Genetic Disorders: How DNA Influences Health,en,University of Glasgow / FutureLearn,course,,,,,,,,,,Датата не е потвърдена,date-status-unknown,https://www.futurelearn.com/courses/genes-and-health-how-dna-influences-disease,2026-08-24,missing,https://www.futurelearn.com/courses/genes-and-health-how-dna-influences-disease,online,,
vascern-vascern-summer-school-recurring-programme,,VASCERN Summer School — recurring programme,en,VASCERN,programme,,,,,,,,,,Следваща дата предстои да бъде обявена,next-date-tba,https://vascern.eu/training-and-education/,2026-08-24,missing,https://vascern.eu/training-and-education/,online; in-person; hybrid,,
vascern-vascern-webinars,,VASCERN Webinars,en,VASCERN,other,,,,,,,,,,Датата не е потвърдена,date-status-unknown,https://vascern.eu/training-and-education/webinars/,2026-08-24,missing,https://vascern.eu/training-and-education/webinars/,online,,
wellcome-connecting-science-futurelearn-bioinformatics-for-biologists-an-introduction-to-linux-bash-scripting-and-r,,"Bioinformatics for Biologists: An Introduction to Linux, Bash Scripting, and R",en,Wellcome Connecting Science / FutureLearn,course,,,,,,,,,,Датата не е потвърдена,date-status-unknown,https://coursesandconferences.wellcomeconnectingscience.org/our-events/online-courses/,2026-08-24,missing,https://coursesandconferences.wellcomeconnectingscience.org/our-events/online-courses/,self-paced; online,,
wellcome-connecting-science-futurelearn-bioinformatics-for-biologists-analysing-and-interpreting-genomics-datasets,,Bioinformatics for Biologists: Analysing and Interpreting Genomics Datasets,en,Wellcome Connecting Science / FutureLearn,course,,,,,,,,,,Датата не е потвърдена,date-status-unknown,https://coursesandconferences.wellcomeconnectingscience.org/event/bioinformatics-for-biologists-analysing-and-interpreting-genomics-datasets-20260406/,2026-08-24,missing,https://coursesandconferences.wellcomeconnectingscience.org/event/bioinformatics-for-biologists-analysing-and-interpreting-genomics-datasets-20260406/,self-paced; online,,
wellcome-connecting-science-futurelearn-interpreting-genomic-variation-overcomin,,Interpreting Genomic Variation: Overcoming Challenges in Diverse Populations,en,Wellcome Connecting Science / FutureLearn,course,,,,,,,,,,Датата не е потвърдена,date-status-unknown,https://www.futurelearn.com/courses/interpreting-genomic-variation-overcoming-challenges-in-diverse-populations,2026-08-24,missing,https://www.futurelearn.com/courses/interpreting-genomic-variation-overcoming-challenges-in-diverse-populations,online,,
wellcome-connecting-science-futurelearn-the-power-of-patient-advocacy-in-genomics-influencing-research-clinical-practi,,"The Power of Patient Advocacy in Genomics: Influencing Research, Clinical Practice and Decision Making",en,Wellcome Connecting Science / FutureLearn,course,,,,,,,,,,Датата не е потвърдена,date-status-unknown,https://coursesandconferences.wellcomeconnectingscience.org/our-events/online-courses/,2026-08-24,missing,https://coursesandconferences.wellcomeconnectingscience.org/our-events/online-courses/,online,,
wellcome-connecting-science-futurelearn-train-the-trainer-design-genomics-and-bioinformatics-training,,Train the Trainer: Design Genomics and Bioinformatics Training,en,Wellcome Connecting Science / FutureLearn,course,,,,,,,,,,Датата не е потвърдена,date-status-unknown,https://coursesandconferences.wellcomeconnectingscience.org/our-events/online-courses/,2026-08-24,missing,https://coursesandconferences.wellcomeconnectingscience.org/our-events/online-courses/,online,,
wellcome-connecting-science-wellcome-connecting-science-courses-and-conferences,,Wellcome Connecting Science courses and conferences,en,Wellcome Connecting Science,other,,,,,,,,,,Датата не е потвърдена,date-status-unknown,https://coursesandconferences.wellcomeconnectingscience.org/,2026-08-24,missing,https://coursesandconferences.wellcomeconnectingscience.org/,unknown,,
